-- Delete USER_IDS --
delete from USER_IDS where USER_ID = 'Mohnish001';
delete from USER_IDS where USER_ID = 'Mohnish002';
delete from USER_IDS where USER_ID = 'Mohnish003';
delete from USER_IDS where USER_ID = 'Mohnish004';
delete from USER_IDS where USER_ID = 'Mohnish005';

-- Delete Security --
delete from SECURITY where URTO_IDENTIFIER = 999999999;
delete from SECURITY where URTO_IDENTIFIER = 999999998;
delete from SECURITY where URTO_IDENTIFIER = 999999997;
delete from SECURITY where URTO_IDENTIFIER = 999999996;

-- Delete EXPENSE_DETAILS --
delete from EXPENSE_DETAILS where EXPD_IDENTIFIER = 999999999;
delete from EXPENSE_DETAILS where EXPD_IDENTIFIER = 999999998;

-- Delete EXPENSE_MASTERS --
delete from EXPENSE_MASTERS where EXPM_IDENTIFIER = 999999999;
delete from EXPENSE_MASTERS where EXPM_IDENTIFIER = 999999998;

-- Delete EXPENSE_EVENTS --
delete from EXPENSE_EVENTS where EXPEV_IDENTIFIER = 999999999;

-- Delete Appointment_Histories --
delete from APPOINTMENT_HISTORIES where APHS_IDENTIFIER = 999999998;
delete from APPOINTMENT_HISTORIES where APHS_IDENTIFIER = 999999997;
delete from APPOINTMENT_HISTORIES where APHS_IDENTIFIER = 999999996;

-- Delete Appointments --
delete from APPOINTMENTS where APPT_IDENTIFIER = 999999998;
delete from APPOINTMENTS where APPT_IDENTIFIER = 999999997;

-- Delete Personal_Histories --
delete from PERSONNEL_HISTORIES where PRHI_IDENTIFIER = 999999997;
delete from PERSONNEL_HISTORIES where PRHI_IDENTIFIER = 999999998;

-- Delete EMPLOYEES --
delete from EMPLOYEES where EMP_IDENTIFIER = 999999998; 
delete from EMPLOYEES where EMP_IDENTIFIER = 999999999;
delete from EMPLOYEES where EMP_IDENTIFIER = 999999997;
delete from EMPLOYEES where EMP_IDENTIFIER = 999999996;

-- Delete ERROR_MESSAGES --
delete from ERROR_MESSAGES where ERROR_CODE='30002';

-- Delete STATE_AUTH_CODES --
delete from STATE_AUTH_CODES where STAC_IDENTIFIER IN (999999999, 999999998, 999999997);

-- Delete OUT_OF_STATE_TRAVEL --
delete from OUT_OF_STATE_TRAVEL where OOST_IDENTIFIER IN (999999999, 999999998);

-- Delete EXPENSE_TYPES --
delete from EXPENSE_TYPES where EXP_TYPE_CODE IN ('MC_0', 'MC_1');

-- Delete EXPENSE_RATES --
--PS: EXPENSE_RATES have cascade delete option on EXPENSE_TYPES --
--delete from EXPENSE_RATES where EXPR_IDENTIFIER IN (1073, 1074, 1075); --

-- Delete EXPENSE_LOCATIONS --
delete from EXPENSE_LOCATIONS where ELOC_IDENTIFIER in (3, 4);

-- Delete COMMON_MILEAGES --
delete from COMMON_MILEAGES where (TO_ELOC_IDENTIFIER = 4 and FROM_ELOC_IDENTIFIER = 3; 

----------------------
-- Insert EMPLOYEES --
----------------------
INSERT INTO EMPLOYEES(EMP_IDENTIFIER, SSN) VALUES(999999998, '999999998');
INSERT INTO EMPLOYEES(EMP_IDENTIFIER, SSN) VALUES(999999999, '999999999');
INSERT INTO EMPLOYEES(EMP_IDENTIFIER, SSN) VALUES(999999997, '999999997');
INSERT INTO EMPLOYEES(EMP_IDENTIFIER, SSN) VALUES(999999996, '999999996');

--------------------------------
-- Insert PERSONNEL_HISTORIES --
--------------------------------
INSERT INTO PERSONNEL_HISTORIES(PRHI_IDENTIFIER, EMP_IDENTIFIER, START_DATE, END_DATE, LAST_NAME, FIRST_NAME) VALUES(999999997, 999999997, {d '200-02-20'},{d '2020-04-15'},'Chaudhary' ,'Mohnish');
INSERT INTO PERSONNEL_HISTORIES(PRHI_IDENTIFIER, EMP_IDENTIFIER, START_DATE, END_DATE, LAST_NAME, FIRST_NAME) VALUES(999999998, 999999998, {d '200-02-20'},{d '2020-04-15'},'Chaudhary' ,'Mohnish');

-------------------------
-- Insert APPOINTMENTS --
-------------------------
INSERT INTO APPOINTMENTS (APPT_IDENTIFIER,EMP_IDENTIFIER,POSITION_ID,DEPARTMENT,AGENCY,TKU) VALUES (999999997, 999999997, 'STPLTA02N','55','01','370');
INSERT INTO APPOINTMENTS (APPT_IDENTIFIER,EMP_IDENTIFIER,POSITION_ID,DEPARTMENT,AGENCY,TKU) VALUES (999999998, 999999997, 'EXLTDRMOA01N','19','01','000');
INSERT INTO APPOINTMENTS (APPT_IDENTIFIER,EMP_IDENTIFIER,POSITION_ID,DEPARTMENT,AGENCY,TKU) VALUES (999999995, 999999996, 'EXLTDRMOA01N','19','01','000');
----------------------------------
-- Insert APPOINTMENT_HISTORIES --
----------------------------------
INSERT INTO APPOINTMENT_HISTORIES(APHS_IDENTIFIER, APPT_IDENTIFIER, START_DATE, END_DATE, DEPARTMENT, AGENCY, TKU) VALUES(999999997, 999999997, {d '2009-02-02'}, {d '2020-02-02'}, '55', '01', '370');
INSERT INTO APPOINTMENT_HISTORIES(APHS_IDENTIFIER, APPT_IDENTIFIER, START_DATE, END_DATE, DEPARTMENT, AGENCY, TKU) VALUES(999999998, 999999998, {d '2009-02-02'}, {d '2020-02-02'}, '19', '01', '000');
INSERT INTO APPOINTMENT_HISTORIES(APHS_IDENTIFIER, APPT_IDENTIFIER, START_DATE, END_DATE, DEPARTMENT, AGENCY, TKU) VALUES(999999996, 999999998, {d '2020-02-03'}, {d '2022-02-02'}, '19', '01', '000');
INSERT INTO APPOINTMENT_HISTORIES(APHS_IDENTIFIER, APPT_IDENTIFIER, START_DATE, END_DATE, DEPARTMENT, AGENCY, TKU, APPT_STATUS_CODE) VALUES(999999995, 999999995, {d '2009-02-03'}, {d '2022-02-02'}, '19', '01', '000', 'A');

---------------------
-- Insert USER_IDS --
---------------------
INSERT INTO USER_IDS(USER_ID,EMP_IDENTIFIER,NEMP_IDENTIFIER,START_DATE,END_DATE,PW_CHANGE_DATE,MAIL_ID,TELEPHONE_NO,LOCATION,LAST_LOGIN_DATE ,MODIFIED_USER_ID,MODIFIED_DATE,VERSION_NUMBER) 
VALUES('Mohnish001',999999998,null,{d '2008-12-22'},{d '2222-12-31'},{d '2009-12-22'},null, null, null, {d '2008-12-22'}, 'Mohnish', {d '2008-12-22'}, null);
INSERT INTO USER_IDS(USER_ID,EMP_IDENTIFIER,NEMP_IDENTIFIER,START_DATE,END_DATE,PW_CHANGE_DATE,MAIL_ID,TELEPHONE_NO,LOCATION,LAST_LOGIN_DATE ,MODIFIED_USER_ID,MODIFIED_DATE,VERSION_NUMBER) 
VALUES('Mohnish002',999999998,null,{d '2008-12-22'},{d '2222-12-31'},{d '2009-12-22'},null, null, null, {d '2008-12-22'}, 'Mohnish', {d '2008-12-22'}, null);
INSERT INTO USER_IDS(USER_ID,EMP_IDENTIFIER,NEMP_IDENTIFIER,START_DATE,END_DATE,PW_CHANGE_DATE,MAIL_ID,TELEPHONE_NO,LOCATION,LAST_LOGIN_DATE ,MODIFIED_USER_ID,MODIFIED_DATE,VERSION_NUMBER) 
VALUES('Mohnish003',999999999,null,{d '2008-12-22'},{d '2222-12-31'},{d '2009-12-22'},null, null, null, {d '2008-12-22'}, 'Mohnish', {d '2008-12-22'}, null);
INSERT INTO USER_IDS(USER_ID,EMP_IDENTIFIER,NEMP_IDENTIFIER,START_DATE,END_DATE,PW_CHANGE_DATE,MAIL_ID,TELEPHONE_NO,LOCATION,LAST_LOGIN_DATE ,MODIFIED_USER_ID,MODIFIED_DATE,VERSION_NUMBER) 
VALUES('Mohnish004',999999997,null,{d '2008-12-22'},{d '2222-12-31'},{d '2009-12-22'},null, null, null, {d '2008-12-22'}, 'Mohnish', {d '2008-12-22'}, null);
INSERT INTO USER_IDS(USER_ID,EMP_IDENTIFIER,NEMP_IDENTIFIER,START_DATE,END_DATE,PW_CHANGE_DATE,MAIL_ID,TELEPHONE_NO,LOCATION,LAST_LOGIN_DATE ,MODIFIED_USER_ID,MODIFIED_DATE,VERSION_NUMBER) 
VALUES('Mohnish005',999999996,null,{d '2008-12-22'},{d '2222-12-31'},{d '2009-12-22'},null, null, null, {d '2008-12-22'}, 'Mohnish', {d '2008-12-22'}, null);

---------------------
-- Insert SECURITY --
---------------------
INSERT INTO SECURITY(URTO_IDENTIFIER,USER_ID,DEPARTMENTRL,AGENCYRL,ROLE_NAME,MODULE_ID,START_DATE,END_DATE,EMPLOYEE_ONLY_IND,CHANGE_ACCESS_IND,DEPARTMENT,AGENCY,TKU,ORGANIZATION_NUMBER,ORGANIZATION_UPPER_BOUND) 
VALUES (999999999,'Mohnish003','AL','AL','T&E TEST ROLE','TEXW001',{d '2008-12-22'},{d '2222-12-31'},'N','Y','AL','AL','AL',null,null);
INSERT INTO SECURITY(URTO_IDENTIFIER,USER_ID,DEPARTMENTRL,AGENCYRL,ROLE_NAME,MODULE_ID,START_DATE,END_DATE,EMPLOYEE_ONLY_IND,CHANGE_ACCESS_IND,DEPARTMENT,AGENCY,TKU,ORGANIZATION_NUMBER,ORGANIZATION_UPPER_BOUND) 
VALUES (999999998,'Mohnish003','AL','AL','T&E TEST ROLE','TEXW001',{d '2008-12-22'},{d '2222-12-31'},'N','N','59','01','705',null,null);
-- date scoped security record --
INSERT INTO SECURITY(URTO_IDENTIFIER,USER_ID,DEPARTMENTRL,AGENCYRL,ROLE_NAME,MODULE_ID,START_DATE,END_DATE,EMPLOYEE_ONLY_IND,CHANGE_ACCESS_IND,DEPARTMENT,AGENCY,TKU,ORGANIZATION_NUMBER,ORGANIZATION_UPPER_BOUND) 
VALUES (999999997,'Mohnish004','AL','AL','T&E TEST ROLE','TEXW001',{d '2008-12-22'},{d '2008-12-31'},'N','N','59','01','705',null,null);
-- no app access record --
INSERT INTO SECURITY(URTO_IDENTIFIER,USER_ID,DEPARTMENTRL,AGENCYRL,ROLE_NAME,MODULE_ID,START_DATE,END_DATE,EMPLOYEE_ONLY_IND,CHANGE_ACCESS_IND,DEPARTMENT,AGENCY,TKU,ORGANIZATION_NUMBER,ORGANIZATION_UPPER_BOUND) 
VALUES (999999996,'Mohnish005','75','01','APPROVER','EXPW001',{d '2008-12-22'},{d '2222-12-31'},'N','Y','07','01','705',null,null);
INSERT INTO SECURITY(URTO_IDENTIFIER,USER_ID,DEPARTMENTRL,AGENCYRL,ROLE_NAME,MODULE_ID,START_DATE,END_DATE,EMPLOYEE_ONLY_IND,CHANGE_ACCESS_IND,DEPARTMENT,AGENCY,TKU,ORGANIZATION_NUMBER,ORGANIZATION_UPPER_BOUND) 
VALUES (999999994,'Mohnish005','19','01','APPROVER','EXPW002',{d '2008-12-22'},{d '2222-12-31'},'N','Y','19','01','000',null,null);

---------------------------
-- Insert ERROR_MESSAGES --
---------------------------
INSERT INTO ERROR_MESSAGES(ERROR_CODE,OPTIONS,DEFAULT_OPTIONS,ERROR_TITLE,ERROR_TEXT,DESCRIPTION,ICON,LOG,OBJECT_NAME) 
VALUES ('30002', 1, 1,'Multiple_DCDS_User_Profiles','Multiple DCDS user profiles for HRMN self service Id', 'Multiple DCDS user profiles for HRMN self service Id',2, 'Y', 'Login');

-----------------------------
-- Insert STATE_AUTH_CODES --
-----------------------------
INSERT INTO STATE_AUTH_CODES(STAC_IDENTIFIER, DESCRIPTION, STATUS_CODE, MODIFIED_USER_ID, MODIFIED_DATE) 
VALUES(999999999,'India travel', 'A','Mohnish', {d '2009-04-16'});
INSERT INTO STATE_AUTH_CODES(STAC_IDENTIFIER, DESCRIPTION, STATUS_CODE, MODIFIED_USER_ID, MODIFIED_DATE) 
VALUES(999999998,'Chandigarh travel', 'A','Mohnish', {d '2009-04-16'});
INSERT INTO STATE_AUTH_CODES(STAC_IDENTIFIER, DESCRIPTION, STATUS_CODE, MODIFIED_USER_ID, MODIFIED_DATE) 
VALUES(999999997,'Europe travel', 'A','Mohnish', {d '2009-04-16'});

---------------------------
-- Insert EXPENSE_EVENTS --
---------------------------
INSERT INTO EXPENSE_EVENTS(EXPEV_IDENTIFIER,APPT_IDENTIFIER,MODIFIED_USER_ID,MODIFIED_DATE) VALUES (999999999,999999997,'Mohnish', {d '2009-04-16'});

---------------------------
-- Insert EXPENSE_MASTERS --
---------------------------
INSERT INTO EXPENSE_MASTERS(EXPM_IDENTIFIER,EXPEV_IDENTIFIER,REVISION_NUMBER,PAID_PP_END_DATE,CURRENT_IND, EXP_DATE_FROM, EXP_DATE_TO, NATURE_OF_BUSINESS,STATUS,TRAVEL_IND,OUT_OF_STATE_IND,ADJ_IDENTIFIER,COMMENTS,SUPER_REVIEWED_RECEIPTS_IND,MODIFIED_USER_ID,MODIFIED_DATE) 
VALUES(999999999,999999999,1,null,'N',{d '2009-04-16'} ,{d '2009-09-16'} ,'Trip to India','SUBM','Y','Y',0,'Mohnish travels to India', 'N','Mohnish',{d '2009-04-16'});
INSERT INTO EXPENSE_MASTERS(EXPM_IDENTIFIER,EXPEV_IDENTIFIER,REVISION_NUMBER,PAID_PP_END_DATE,CURRENT_IND, EXP_DATE_FROM, EXP_DATE_TO, NATURE_OF_BUSINESS,STATUS,TRAVEL_IND,OUT_OF_STATE_IND,ADJ_IDENTIFIER,COMMENTS,SUPER_REVIEWED_RECEIPTS_IND,MODIFIED_USER_ID,MODIFIED_DATE) 
VALUES(999999998,999999999,2,null,'Y',{d '2009-04-16'} ,{d '2009-09-16'} ,'Trip to India','SUBM','N','N',0,'Mohnish travels to India', 'N','Mohnish',{d '2009-04-16'});

--------------------------------
-- Insert OUT_OF_STATE_TRAVEL --
--------------------------------
INSERT INTO OUT_OF_STATE_TRAVEL(OOST_IDENTIFIER   ,EXPM_IDENTIFIER   ,STAC_IDENTIFIER   ,MODIFIED_DATE   ,MODIFIED_USER_ID) 
VALUES(999999999,999999999,999999999,{d '2009-04-16'},'Mohnish');
INSERT INTO OUT_OF_STATE_TRAVEL(OOST_IDENTIFIER   ,EXPM_IDENTIFIER   ,STAC_IDENTIFIER   ,MODIFIED_DATE   ,MODIFIED_USER_ID) 
VALUES(999999998,999999999,999999998,{d '2009-04-16'},'Mohnish');

---------------------------
-- Insert EXPENSE_DETAILS --
---------------------------
INSERT INTO EXPENSE_DETAILS(EXPD_IDENTIFIER,EXPM_IDENTIFIER,LINE_ITEM,EXP_DATE,DEPART_TIME,RETURN_TIME,MILEAGE,MILE_OVERRIDE_IND,VICINITY_MILEAGE,EXP_TYPE_CODE,TO_ELOC_CITY,TO_ELOC_ST_PROV,FROM_ELOC_CITY,FROM_ELOC_ST_PROV,ROUND_TRIP_IND,RECURRING_IND,DOLLAR_AMOUNT,DOLLAR_DIFFERENCE,DISTRIBUTE_IND,COMMENTS,MODIFIED_USER_ID,MODIFIED_DATE) 
VALUES(999999999,999999999,1,{d '2009-04-16'},null,null,0,'N',0,'Lunc',null,null,null,null,'N','N',30,0,null,'Mohnish',null,{d '2009-04-29'});
INSERT INTO EXPENSE_DETAILS(EXPD_IDENTIFIER,EXPM_IDENTIFIER,LINE_ITEM,EXP_DATE,DEPART_TIME,RETURN_TIME,MILEAGE,MILE_OVERRIDE_IND,VICINITY_MILEAGE,EXP_TYPE_CODE,TO_ELOC_CITY,TO_ELOC_ST_PROV,FROM_ELOC_CITY,FROM_ELOC_ST_PROV,ROUND_TRIP_IND,RECURRING_IND,DOLLAR_AMOUNT,DOLLAR_DIFFERENCE,DISTRIBUTE_IND,COMMENTS,MODIFIED_USER_ID,MODIFIED_DATE) 
VALUES(999999998,999999999,2,{d '2009-04-17'},null,null,0,'N',0,'Lunc',null,null,null,null,'N','N',30,0,null,'Mohnish',null,{d '2009-04-29'});

---------------------------
-- Insert EXPENSE_TYPES --
---------------------------
INSERT INTO EXPENSE_TYPES (EXP_TYPE_CODE,PYTP_IDENTIFIER,START_DATE,END_DATE,DESCRIPTION,DISPLAY_ORDER,MODIFIED_USER_ID,MODIFIED_DATE) 
VALUES ('MC_0',3042, {d '2008-01-01'}, {d '2008-12-31'}, 'Mohnish',0, 'HRMNDCD',{d '2009-07-08'});
INSERT INTO EXPENSE_TYPES (EXP_TYPE_CODE,PYTP_IDENTIFIER,START_DATE,END_DATE,DESCRIPTION,DISPLAY_ORDER,MODIFIED_USER_ID,MODIFIED_DATE) 
VALUES ('MC_1',3042, {d '2009-01-01'}, {d '2222-12-31'}, 'Mohnish',0, 'HRMNDCD',{d '2009-07-08'});

---------------------------
-- Insert EXPENSE_RATES --
---------------------------
INSERT INTO EXPENSE_RATES (EXPR_IDENTIFIER,EXP_TYPE_CODE,START_DATE,END_DATE,RATE_AMT,MODIFIED_DATE,MODIFIED_USER_ID) 
VALUES (1073, 'MC_0', {d '2008-01-01'}, {d '2008-12-31'}, 17.17, {d '2009-07-08'},'HRMNDCD');
INSERT INTO EXPENSE_RATES (EXPR_IDENTIFIER,EXP_TYPE_CODE,START_DATE,END_DATE,RATE_AMT,MODIFIED_DATE,MODIFIED_USER_ID) 
VALUES (1074, 'MC_1', {d '2008-01-01'}, {d '2008-12-31'}, 17.17, {d '2009-07-08'},'HRMNDCD');
INSERT INTO EXPENSE_RATES (EXPR_IDENTIFIER,EXP_TYPE_CODE,START_DATE,END_DATE,RATE_AMT,MODIFIED_DATE,MODIFIED_USER_ID) 
VALUES (1075, 'MC_1', {d '2009-01-01'}, {d '2222-12-31'}, 17.18, {d '2009-07-08'},'HRMNDCD');

------------------------------
-- Insert EXPENSE_LOCATIONS --
------------------------------
INSERT INTO EXPENSE_LOCATIONS (ELOC_IDENTIFIER,CITY,ST_PROV,MODIFIED_DATE,MODIFIED_USER_ID) 
VALUES (3,'Chandigarh','MI',{d '2009-07-17'},'Mohnish');
INSERT INTO EXPENSE_LOCATIONS (ELOC_IDENTIFIER,CITY,ST_PROV,MODIFIED_DATE,MODIFIED_USER_ID) 
VALUES (4,'Gurgaon','MI',{d '2009-07-17'},'Mohnish');

----------------------------
-- Insert COMMON_MILEAGES --
----------------------------
INSERT INTO COMMON_MILEAGES (TO_ELOC_IDENTIFIER,FROM_ELOC_IDENTIFIER,MILEAGE,MODIFIED_DATE,MODIFIED_USER_ID) 
VALUES (4,3,175,{d '2009-07-17'},'Mohnish');
